<?xml version="1.0" encoding="UTF-8" standalone="yes"?>
<addon id="repository.denham" name="Denham Repository" version="1.0" provider-name="Denham Performance">
        <requires>
            <import addon="xbmc.addon" version="12.0.0"/>
        </requires>
    <extension point="xbmc.addon.repository" name="Denham Repository">
            <info compressed="false">https://raw.githubusercontent.com/DenhamPerformance/repository.denham/master/repo/zips/addons.xml</info>
            <checksum>https://raw.githubusercontent.com/DenhamPerformance/repository.denham/master/repo/zips/addons.xml.md5</checksum>
            <datadir zip="true">https://raw.githubusercontent.com/DenhamPerformance/repository.denham/master/repo/zips/</datadir>
    </extension>
    <extension point="xbmc.addon.metadata">
        <summary>Denham Repository</summary>
        <description>Denham Builds</description>
        <disclaimer></disclaimer>
        <platform>all</platform>
        <assets>
            <icon>icon.png</icon>
            <fanart>fanart.jpg</fanart>
        </assets>
    </extension>
</addon>